<items>
	<item>
		<name>Apple</name>
		<color>Red</color>
		<type>Fruit</type>
		<info>https://en.wikipedia.org/wiki/Apple</info>
	</item>
	<item>
		<name>Banana</name>
		<color>Yellow</color>
		<type>Fruit</type>
		<info>https://en.wikipedia.org/wiki/Banana</info>
	</item>
	<item>
		<name>Pear</name>
		<color>Green</color>
		<type>Fruit</type>
		<info>https://en.wikipedia.org/wiki/Pear</info>
	</item>
	<item>
		<name>Grapes</name>
		<color>Purple</color>
		<type>Fruit</type>
		<info>https://en.wikipedia.org/wiki/Grape</info>
	</item>
	<item>
		<name>Orange</name>
		<color>Orange</color>
		<type>Fruit</type>
		<info>https://en.wikipedia.org/wiki/Orange</info>
	</item>
	<item>
		<name>Strawberry</name>
		<color>Red</color>
		<type>Fruit</type>
		<info>https://en.wikipedia.org/wiki/Strawberry</info>
	</item>
	<item>
		<name>Blueberry</name>
		<color>Blue</color>
		<type>Fruit</type>
		<info>https://en.wikipedia.org/wiki/Blueberry</info>
	</item>
	<item>
		<name>Raspberry</name>
		<color>Red</color>
		<type>Fruit</type>
		<info>https://en.wikipedia.org/wiki/Raspberry</info>
	</item>
	<item>
		<name>Corn</name>
		<color>Yellow</color>
		<type>Vegetable</type>
		<info>https://en.wikipedia.org/wiki/Corn</info>
	</item>
	<item>
		<name>Lettuce</name>
		<color>Green</color>
		<type>Vegetable</type>
		<info>https://en.wikipedia.org/wiki/Lettuce</info>
	</item>
	<item>
		<name>Potato</name>
		<color>Brown</color>
		<type>Vegetable</type>
		<info>https://en.wikipedia.org/wiki/Potato</info>
	</item>
	<item>
		<name>Red Pepper</name>
		<color>Red</color>
		<type>Vegetable</type>
		<info>https://en.wikipedia.org/wiki/Chili_pepper</info>
	</item>
	<item>
		<name>Bread</name>
		<color>Brown</color>
		<type>Wheat</type>
		<info>https://en.wikipedia.org/wiki/Bread</info>
	</item>
	<item>
		<name>Pasta</name>
		<color>Yellow</color>
		<type>Wheat</type>
		<info>https://en.wikipedia.org/wiki/Pasta</info>
	</item>
	<item>
		<name>Cheese</name>
		<color>Yellow</color>
		<type>Dairy</type>
		<info>https://en.wikipedia.org/wiki/Cheese</info>
	</item>
	<item>
		<name>Yogurt</name>
		<color>White</color>
		<type>Dairy</type>
		<info>https://en.wikipedia.org/wiki/Yogurt</info>
	</item>
</items>